-- Single-command restore of the pre-HR-5 public-schema data snapshot
-- (2026-07-12 23:33:03 UTC). Generated mechanically from
-- 2026-07-12-pre-hr5-data.json — do not hand-edit; regenerate instead.
-- PRECONDITION: empty public schema rebuilt from 2026-07-12-pre-hr5-schema.sql
-- (or all listed tables truncated). Usage:
--   psql "$DATABASE_URL" -v ON_ERROR_STOP=1 -f 2026-07-12-pre-hr5-restore.sql
BEGIN;
-- Organization: 1 row(s)
INSERT INTO public."Organization" ("createdAt", "id", "name", "slug", "updatedAt") VALUES ('2026-05-14T17:12:18.206', 'org_booklets', 'BookLets Portfolio', 'default', '2026-05-14T17:12:18.206');
-- User: 1 row(s)
INSERT INTO public."User" ("createdAt", "email", "emailVerified", "id", "image", "name", "updatedAt") VALUES ('2026-05-14T20:10:07.453', 'rajabey68@gmail.com', '2026-05-14T20:10:07.16', 'cmp5xaaxp000004kvuwkvlit0', 'https://lh3.googleusercontent.com/a/ACg8ocI4knIfWFNDm97MlMjQsa-2B3enSE_Kt6qCrZcHq6fEY1ZgPujo=s96-c', 'Raj Abeysinghe', '2026-07-09T13:27:53.947');
-- Membership: 1 row(s)
INSERT INTO public."Membership" ("createdAt", "id", "organizationId", "role", "userId") VALUES ('2026-05-14T20:10:30.286', '69157f57-8f3d-4998-8e43-54e7ac629d48', 'org_booklets', 'OWNER', 'cmp5xaaxp000004kvuwkvlit0');
-- Channel: 3 row(s)
INSERT INTO public."Channel" ("createdAt", "id", "name", "updatedAt") VALUES ('2026-05-14T17:12:18.206', 'channel_airbnb', 'Airbnb', '2026-05-14T17:12:18.206');
INSERT INTO public."Channel" ("createdAt", "id", "name", "updatedAt") VALUES ('2026-05-14T17:12:18.206', 'channel_bookingcom', 'Booking.com', '2026-05-14T17:12:18.206');
INSERT INTO public."Channel" ("createdAt", "id", "name", "updatedAt") VALUES ('2026-05-14T17:12:18.206', 'channel_direct', 'Direct', '2026-05-14T17:12:18.206');
-- Property: 3 row(s)
INSERT INTO public."Property" ("address", "createdAt", "hostawayId", "id", "name", "organizationId", "status", "type", "updatedAt") VALUES ('14 Harbour View, Dún Laoghaire, Dublin', '2026-05-14T17:12:18.206', NULL, 'prop_marina_suite', 'Marina Suite', 'org_booklets', 'ACTIVE', 'APARTMENT', '2026-05-14T17:12:18.206');
INSERT INTO public."Property" ("address", "createdAt", "hostawayId", "id", "name", "organizationId", "status", "type", "updatedAt") VALUES ('8 Crown Alley, Temple Bar, Dublin 2', '2026-05-14T17:12:18.206', NULL, 'prop_temple_bar', 'Temple Bar Loft', 'org_booklets', 'ACTIVE', 'APARTMENT', '2026-05-14T17:12:18.206');
INSERT INTO public."Property" ("address", "createdAt", "hostawayId", "id", "name", "organizationId", "status", "type", "updatedAt") VALUES ('3 Strand Road, Portmarnock, Co. Dublin', '2026-05-14T17:12:18.206', NULL, 'prop_coastal_cottage', 'Coastal Cottage', 'org_booklets', 'ACTIVE', 'HOUSE', '2026-05-14T17:12:18.206');
-- PropertyOwnership: 0 row(s)
-- Owner: 0 row(s)
-- FiscalPeriod: 1 row(s)
INSERT INTO public."FiscalPeriod" ("closedAt", "createdAt", "createdBy", "endDate", "id", "isClosed", "locked", "name", "organizationId", "startDate") VALUES (NULL, '2026-05-14T17:12:18.206', 'seed', '2026-12-31T00:00:00', 'fp_2026', FALSE, FALSE, 'FY 2026', 'org_booklets', '2026-01-01T00:00:00');
-- Account: 6 row(s)
INSERT INTO public."Account" ("closedAt", "code", "createdAt", "createdBy", "currency", "id", "locked", "name", "organizationId", "type", "updatedAt") VALUES (NULL, '1000', '2026-05-14T17:12:18.206', 'seed', 'EUR', 'acc_operating_cash', FALSE, 'Operating Cash', 'org_booklets', 'ASSET', '2026-05-14T17:12:18.206');
INSERT INTO public."Account" ("closedAt", "code", "createdAt", "createdBy", "currency", "id", "locked", "name", "organizationId", "type", "updatedAt") VALUES (NULL, '2000', '2026-05-14T17:12:18.206', 'seed', 'EUR', 'acc_guest_prepayments', FALSE, 'Guest Pre-payments', 'org_booklets', 'LIABILITY', '2026-05-14T17:12:18.206');
INSERT INTO public."Account" ("closedAt", "code", "createdAt", "createdBy", "currency", "id", "locked", "name", "organizationId", "type", "updatedAt") VALUES (NULL, '4000', '2026-05-14T17:12:18.206', 'seed', 'EUR', 'acc_rental_income', FALSE, 'Rental Income', 'org_booklets', 'REVENUE', '2026-05-14T17:12:18.206');
INSERT INTO public."Account" ("closedAt", "code", "createdAt", "createdBy", "currency", "id", "locked", "name", "organizationId", "type", "updatedAt") VALUES (NULL, '4100', '2026-05-14T17:12:18.206', 'seed', 'EUR', 'acc_cleaning_fee_income', FALSE, 'Cleaning Fee Income', 'org_booklets', 'REVENUE', '2026-05-14T17:12:18.206');
INSERT INTO public."Account" ("closedAt", "code", "createdAt", "createdBy", "currency", "id", "locked", "name", "organizationId", "type", "updatedAt") VALUES (NULL, '6000', '2026-05-14T17:12:18.206', 'seed', 'EUR', 'acc_commission_expense', FALSE, 'Commission Expense', 'org_booklets', 'EXPENSE', '2026-05-14T17:12:18.206');
INSERT INTO public."Account" ("closedAt", "code", "createdAt", "createdBy", "currency", "id", "locked", "name", "organizationId", "type", "updatedAt") VALUES (NULL, '9999', '2026-05-14T17:12:18.206', 'seed', 'EUR', 'acc_suspense', FALSE, 'Suspense', 'org_booklets', 'SUSPENSE', '2026-05-14T17:12:18.206');
-- Vendor: 0 row(s)
-- ExpenseCategory: 0 row(s)
-- JournalEntry: 10 row(s)
INSERT INTO public."JournalEntry" ("agentConfidence", "createdAt", "createdBy", "date", "id", "makerIdentity", "memo", "organizationId", "status", "tenantId", "updatedAt", "updatedBy") VALUES (NULL, '2026-05-14T17:12:18.206', 'seed', '2026-01-10T00:00:00', 'je_001', 'seed', 'Marina Suite — Airbnb booking Jan 5–10', 'org_booklets', 'POSTED', NULL, '2026-05-14T17:12:18.206', NULL);
INSERT INTO public."JournalEntry" ("agentConfidence", "createdAt", "createdBy", "date", "id", "makerIdentity", "memo", "organizationId", "status", "tenantId", "updatedAt", "updatedBy") VALUES (NULL, '2026-05-14T17:12:18.206', 'seed', '2026-01-12T00:00:00', 'je_002', 'seed', 'Temple Bar Loft — Airbnb booking Jan 8–12', 'org_booklets', 'POSTED', NULL, '2026-05-14T17:12:18.206', NULL);
INSERT INTO public."JournalEntry" ("agentConfidence", "createdAt", "createdBy", "date", "id", "makerIdentity", "memo", "organizationId", "status", "tenantId", "updatedAt", "updatedBy") VALUES (NULL, '2026-05-14T17:12:18.206', 'seed', '2026-02-07T00:00:00', 'je_003', 'seed', 'Coastal Cottage — Booking.com Feb 1–7', 'org_booklets', 'POSTED', NULL, '2026-05-14T17:12:18.206', NULL);
INSERT INTO public."JournalEntry" ("agentConfidence", "createdAt", "createdBy", "date", "id", "makerIdentity", "memo", "organizationId", "status", "tenantId", "updatedAt", "updatedBy") VALUES (NULL, '2026-05-14T17:12:18.206', 'seed', '2026-02-18T00:00:00', 'je_004', 'seed', 'Marina Suite — Direct booking Feb 14–18', 'org_booklets', 'POSTED', NULL, '2026-05-14T17:12:18.206', NULL);
INSERT INTO public."JournalEntry" ("agentConfidence", "createdAt", "createdBy", "date", "id", "makerIdentity", "memo", "organizationId", "status", "tenantId", "updatedAt", "updatedBy") VALUES (NULL, '2026-05-14T17:12:18.206', 'seed', '2026-03-08T00:00:00', 'je_005', 'seed', 'Temple Bar Loft — Booking.com Mar 3–8', 'org_booklets', 'POSTED', NULL, '2026-05-14T17:12:18.206', NULL);
INSERT INTO public."JournalEntry" ("agentConfidence", "createdAt", "createdBy", "date", "id", "makerIdentity", "memo", "organizationId", "status", "tenantId", "updatedAt", "updatedBy") VALUES (NULL, '2026-05-14T17:12:18.206', 'seed', '2026-03-25T00:00:00', 'je_006', 'seed', 'Coastal Cottage — Airbnb Mar 20–25', 'org_booklets', 'POSTED', NULL, '2026-05-14T17:12:18.206', NULL);
INSERT INTO public."JournalEntry" ("agentConfidence", "createdAt", "createdBy", "date", "id", "makerIdentity", "memo", "organizationId", "status", "tenantId", "updatedAt", "updatedBy") VALUES (NULL, '2026-05-14T17:12:18.206', 'seed', '2026-03-28T00:00:00', 'je_007', 'seed', 'Q1 Airbnb platform commission', 'org_booklets', 'POSTED', NULL, '2026-05-14T17:12:18.206', NULL);
INSERT INTO public."JournalEntry" ("agentConfidence", "createdAt", "createdBy", "date", "id", "makerIdentity", "memo", "organizationId", "status", "tenantId", "updatedAt", "updatedBy") VALUES (NULL, '2026-05-14T17:12:18.206', 'seed', '2026-05-07T00:00:00', 'je_008', 'seed', 'Coastal Cottage — Airbnb May 2–7', 'org_booklets', 'POSTED', NULL, '2026-05-14T17:12:18.206', NULL);
INSERT INTO public."JournalEntry" ("agentConfidence", "createdAt", "createdBy", "date", "id", "makerIdentity", "memo", "organizationId", "status", "tenantId", "updatedAt", "updatedBy") VALUES (NULL, '2026-05-14T17:12:18.206', 'seed', '2026-05-13T00:00:00', 'je_009', 'seed', 'Marina Suite — Booking.com May 9–13', 'org_booklets', 'POSTED', NULL, '2026-05-14T17:12:18.206', NULL);
INSERT INTO public."JournalEntry" ("agentConfidence", "createdAt", "createdBy", "date", "id", "makerIdentity", "memo", "organizationId", "status", "tenantId", "updatedAt", "updatedBy") VALUES (NULL, '2026-05-14T17:12:18.206', 'seed', '2026-05-13T00:00:00', 'je_010', 'seed', 'May Booking.com commission', 'org_booklets', 'POSTED', NULL, '2026-05-14T17:12:18.206', NULL);
-- JournalLine: 20 row(s)
INSERT INTO public."JournalLine" ("accountId", "amount", "createdAt", "createdBy", "currency", "id", "isDebit", "journalEntryId") VALUES ('acc_operating_cash', 1250, '2026-05-14T17:12:18.206', 'seed', 'EUR', 'dd79d29d-5ea0-4d0f-93f9-4f6a6bf6cc8c', TRUE, 'je_001');
INSERT INTO public."JournalLine" ("accountId", "amount", "createdAt", "createdBy", "currency", "id", "isDebit", "journalEntryId") VALUES ('acc_rental_income', 1250, '2026-05-14T17:12:18.206', 'seed', 'EUR', '3857b2df-5513-4b79-beb9-6829dde8e569', FALSE, 'je_001');
INSERT INTO public."JournalLine" ("accountId", "amount", "createdAt", "createdBy", "currency", "id", "isDebit", "journalEntryId") VALUES ('acc_operating_cash', 980, '2026-05-14T17:12:18.206', 'seed', 'EUR', 'eb708e56-3bb9-4394-b4c9-3f1a9ef99e8b', TRUE, 'je_002');
INSERT INTO public."JournalLine" ("accountId", "amount", "createdAt", "createdBy", "currency", "id", "isDebit", "journalEntryId") VALUES ('acc_rental_income', 980, '2026-05-14T17:12:18.206', 'seed', 'EUR', '5df5921b-2b58-4c8f-8859-1e4e46bde79a', FALSE, 'je_002');
INSERT INTO public."JournalLine" ("accountId", "amount", "createdAt", "createdBy", "currency", "id", "isDebit", "journalEntryId") VALUES ('acc_operating_cash', 1540, '2026-05-14T17:12:18.206', 'seed', 'EUR', '78cb8b2c-de28-4f12-a0e9-2e73fce6bf86', TRUE, 'je_003');
INSERT INTO public."JournalLine" ("accountId", "amount", "createdAt", "createdBy", "currency", "id", "isDebit", "journalEntryId") VALUES ('acc_rental_income', 1540, '2026-05-14T17:12:18.206', 'seed', 'EUR', '89168c2c-b96e-49bd-b91f-7cbe65d4c71d', FALSE, 'je_003');
INSERT INTO public."JournalLine" ("accountId", "amount", "createdAt", "createdBy", "currency", "id", "isDebit", "journalEntryId") VALUES ('acc_operating_cash', 900, '2026-05-14T17:12:18.206', 'seed', 'EUR', '96993c65-7a8e-4b01-945d-979ba74f2e21', TRUE, 'je_004');
INSERT INTO public."JournalLine" ("accountId", "amount", "createdAt", "createdBy", "currency", "id", "isDebit", "journalEntryId") VALUES ('acc_rental_income', 900, '2026-05-14T17:12:18.206', 'seed', 'EUR', '5b65908b-07ac-41d7-b6fb-715af234d9b6', FALSE, 'je_004');
INSERT INTO public."JournalLine" ("accountId", "amount", "createdAt", "createdBy", "currency", "id", "isDebit", "journalEntryId") VALUES ('acc_operating_cash', 1100, '2026-05-14T17:12:18.206', 'seed', 'EUR', 'ed073e1f-ab5e-491b-ab4d-69bd9fdde35b', TRUE, 'je_005');
INSERT INTO public."JournalLine" ("accountId", "amount", "createdAt", "createdBy", "currency", "id", "isDebit", "journalEntryId") VALUES ('acc_rental_income', 1100, '2026-05-14T17:12:18.206', 'seed', 'EUR', '24f5d8ad-d65f-4219-b6e7-1b5019f6420d', FALSE, 'je_005');
INSERT INTO public."JournalLine" ("accountId", "amount", "createdAt", "createdBy", "currency", "id", "isDebit", "journalEntryId") VALUES ('acc_operating_cash', 1350, '2026-05-14T17:12:18.206', 'seed', 'EUR', '8d8960d0-3796-4f46-a1ff-59ec6e06536c', TRUE, 'je_006');
INSERT INTO public."JournalLine" ("accountId", "amount", "createdAt", "createdBy", "currency", "id", "isDebit", "journalEntryId") VALUES ('acc_rental_income', 1350, '2026-05-14T17:12:18.206', 'seed', 'EUR', 'e8f6fac7-9ec0-496c-8c78-30bdb1eb3895', FALSE, 'je_006');
INSERT INTO public."JournalLine" ("accountId", "amount", "createdAt", "createdBy", "currency", "id", "isDebit", "journalEntryId") VALUES ('acc_commission_expense', 465, '2026-05-14T17:12:18.206', 'seed', 'EUR', '4ad83263-778b-4aff-a083-15c89dffe423', TRUE, 'je_007');
INSERT INTO public."JournalLine" ("accountId", "amount", "createdAt", "createdBy", "currency", "id", "isDebit", "journalEntryId") VALUES ('acc_operating_cash', 465, '2026-05-14T17:12:18.206', 'seed', 'EUR', '4259494d-f4d3-43f0-b981-b22819b2960d', FALSE, 'je_007');
INSERT INTO public."JournalLine" ("accountId", "amount", "createdAt", "createdBy", "currency", "id", "isDebit", "journalEntryId") VALUES ('acc_operating_cash', 1420, '2026-05-14T17:12:18.206', 'seed', 'EUR', '8a2a495e-719c-4163-9abd-f54ed5aa23c7', TRUE, 'je_008');
INSERT INTO public."JournalLine" ("accountId", "amount", "createdAt", "createdBy", "currency", "id", "isDebit", "journalEntryId") VALUES ('acc_rental_income', 1420, '2026-05-14T17:12:18.206', 'seed', 'EUR', 'fddf3e3d-ecf3-432e-8f53-8a8157e25518', FALSE, 'je_008');
INSERT INTO public."JournalLine" ("accountId", "amount", "createdAt", "createdBy", "currency", "id", "isDebit", "journalEntryId") VALUES ('acc_operating_cash', 1080, '2026-05-14T17:12:18.206', 'seed', 'EUR', 'ea63fb9b-fa8f-4ca0-8974-8b34378e1939', TRUE, 'je_009');
INSERT INTO public."JournalLine" ("accountId", "amount", "createdAt", "createdBy", "currency", "id", "isDebit", "journalEntryId") VALUES ('acc_rental_income', 1080, '2026-05-14T17:12:18.206', 'seed', 'EUR', '634f1cbc-9385-4a6a-8d18-5c66f2d1bf11', FALSE, 'je_009');
INSERT INTO public."JournalLine" ("accountId", "amount", "createdAt", "createdBy", "currency", "id", "isDebit", "journalEntryId") VALUES ('acc_commission_expense', 108, '2026-05-14T17:12:18.206', 'seed', 'EUR', '88ac5bd4-bd31-46e0-9cd7-3b072ce3a02d', TRUE, 'je_010');
INSERT INTO public."JournalLine" ("accountId", "amount", "createdAt", "createdBy", "currency", "id", "isDebit", "journalEntryId") VALUES ('acc_operating_cash', 108, '2026-05-14T17:12:18.206', 'seed', 'EUR', 'c9e9f3b3-5742-4af7-b2c9-0579f6a81058', FALSE, 'je_010');
-- Booking: 11 row(s)
INSERT INTO public."Booking" ("channelId", "checkIn", "checkOut", "createdAt", "deferredPosted", "hostawayId", "hostawayStatus", "id", "propertyId", "status", "totalAmount", "updatedAt") VALUES ('channel_airbnb', '2026-01-05T00:00:00', '2026-01-10T00:00:00', '2026-05-14T17:12:18.206', FALSE, NULL, NULL, 'bk_001', 'prop_marina_suite', 'COMPLETED', 1250, '2026-05-14T17:12:18.206');
INSERT INTO public."Booking" ("channelId", "checkIn", "checkOut", "createdAt", "deferredPosted", "hostawayId", "hostawayStatus", "id", "propertyId", "status", "totalAmount", "updatedAt") VALUES ('channel_airbnb', '2026-01-08T00:00:00', '2026-01-12T00:00:00', '2026-05-14T17:12:18.206', FALSE, NULL, NULL, 'bk_002', 'prop_temple_bar', 'COMPLETED', 980, '2026-05-14T17:12:18.206');
INSERT INTO public."Booking" ("channelId", "checkIn", "checkOut", "createdAt", "deferredPosted", "hostawayId", "hostawayStatus", "id", "propertyId", "status", "totalAmount", "updatedAt") VALUES ('channel_bookingcom', '2026-02-01T00:00:00', '2026-02-07T00:00:00', '2026-05-14T17:12:18.206', FALSE, NULL, NULL, 'bk_003', 'prop_coastal_cottage', 'COMPLETED', 1540, '2026-05-14T17:12:18.206');
INSERT INTO public."Booking" ("channelId", "checkIn", "checkOut", "createdAt", "deferredPosted", "hostawayId", "hostawayStatus", "id", "propertyId", "status", "totalAmount", "updatedAt") VALUES ('channel_direct', '2026-02-14T00:00:00', '2026-02-18T00:00:00', '2026-05-14T17:12:18.206', FALSE, NULL, NULL, 'bk_004', 'prop_marina_suite', 'COMPLETED', 900, '2026-05-14T17:12:18.206');
INSERT INTO public."Booking" ("channelId", "checkIn", "checkOut", "createdAt", "deferredPosted", "hostawayId", "hostawayStatus", "id", "propertyId", "status", "totalAmount", "updatedAt") VALUES ('channel_bookingcom', '2026-03-03T00:00:00', '2026-03-08T00:00:00', '2026-05-14T17:12:18.206', FALSE, NULL, NULL, 'bk_005', 'prop_temple_bar', 'COMPLETED', 1100, '2026-05-14T17:12:18.206');
INSERT INTO public."Booking" ("channelId", "checkIn", "checkOut", "createdAt", "deferredPosted", "hostawayId", "hostawayStatus", "id", "propertyId", "status", "totalAmount", "updatedAt") VALUES ('channel_airbnb', '2026-03-20T00:00:00', '2026-03-25T00:00:00', '2026-05-14T17:12:18.206', FALSE, NULL, NULL, 'bk_006', 'prop_coastal_cottage', 'COMPLETED', 1350, '2026-05-14T17:12:18.206');
INSERT INTO public."Booking" ("channelId", "checkIn", "checkOut", "createdAt", "deferredPosted", "hostawayId", "hostawayStatus", "id", "propertyId", "status", "totalAmount", "updatedAt") VALUES ('channel_airbnb', '2026-04-05T00:00:00', '2026-04-09T00:00:00', '2026-05-14T17:12:18.206', FALSE, NULL, NULL, 'bk_007', 'prop_marina_suite', 'COMPLETED', 860, '2026-05-14T17:12:18.206');
INSERT INTO public."Booking" ("channelId", "checkIn", "checkOut", "createdAt", "deferredPosted", "hostawayId", "hostawayStatus", "id", "propertyId", "status", "totalAmount", "updatedAt") VALUES ('channel_direct', '2026-04-12T00:00:00', '2026-04-16T00:00:00', '2026-05-14T17:12:18.206', FALSE, NULL, NULL, 'bk_008', 'prop_temple_bar', 'COMPLETED', 740, '2026-05-14T17:12:18.206');
INSERT INTO public."Booking" ("channelId", "checkIn", "checkOut", "createdAt", "deferredPosted", "hostawayId", "hostawayStatus", "id", "propertyId", "status", "totalAmount", "updatedAt") VALUES ('channel_airbnb', '2026-05-02T00:00:00', '2026-05-07T00:00:00', '2026-05-14T17:12:18.206', FALSE, NULL, NULL, 'bk_009', 'prop_coastal_cottage', 'COMPLETED', 1420, '2026-05-14T17:12:18.206');
INSERT INTO public."Booking" ("channelId", "checkIn", "checkOut", "createdAt", "deferredPosted", "hostawayId", "hostawayStatus", "id", "propertyId", "status", "totalAmount", "updatedAt") VALUES ('channel_bookingcom', '2026-05-09T00:00:00', '2026-05-13T00:00:00', '2026-05-14T17:12:18.206', FALSE, NULL, NULL, 'bk_010', 'prop_marina_suite', 'COMPLETED', 1080, '2026-05-14T17:12:18.206');
INSERT INTO public."Booking" ("channelId", "checkIn", "checkOut", "createdAt", "deferredPosted", "hostawayId", "hostawayStatus", "id", "propertyId", "status", "totalAmount", "updatedAt") VALUES ('channel_airbnb', '2026-05-16T00:00:00', '2026-05-20T00:00:00', '2026-05-14T17:12:18.206', FALSE, NULL, NULL, 'bk_011', 'prop_temple_bar', 'CONFIRMED', 920, '2026-05-14T17:12:18.206');
-- BookingCharge: 0 row(s)
-- Expense: 0 row(s)
-- GuestPayout: 0 row(s)
-- OwnerStatement: 0 row(s)
-- EvidenceLog: 0 row(s)
-- ActionIntentQueue: 0 row(s)
COMMIT;
